{
    "metadata":{
        "upper_right":[
            23.45847044841213,
            17.33925262636442
        ],
        "lower_left":[
            -16.236855865678102,
            -17.773222852824397
        ]
    },
    "sses":{
        "?E?628818":{
            "size":12.994575939513496,
            "color":"grey",
            "layout":[
                9.447305128743121,
                -0.24676344227880165
            ],
            "angles":-107.26034624921817,
            "residues":[
                121,
                123
            ]
        },
        "H32":{
            "size":13.733442493816808,
            "color":"#00ffd1",
            "layout":[
                13.803784381810186,
                -1.928571954903052
            ],
            "angles":128.56332555471158,
            "residues":[
                118,
                120
            ]
        },
        "E30":{
            "size":23.077202095783683,
            "color":"#00e0ff",
            "layout":[
                -0.7025937979930643,
                -3.6270273390739955
            ],
            "angles":-107.26034624921817,
            "residues":[
                109,
                115
            ]
        },
        "E28":{
            "size":21.84100346661005,
            "color":"#0075ff",
            "layout":[
                0.3460942743182098,
                -0.5913222838509107
            ],
            "angles":72.73965375078183,
            "residues":[
                98,
                103
            ]
        },
        "E27":{
            "size":20.54944185334183,
            "color":"#003aff",
            "layout":[
                7.192083435734033,
                1.6645755872970422
            ],
            "angles":72.73965375078183,
            "residues":[
                91,
                95
            ]
        },
        "E23":{
            "size":41.16124863353916,
            "color":"#0900ff",
            "layout":[
                1.0687636195588803,
                2.3521395380756696
            ],
            "angles":-107.26034624921817,
            "residues":[
                77,
                88
            ]
        },
        "E21":{
            "size":16.417370880133706,
            "color":"#4b00ff",
            "layout":[
                4.595901678656448,
                6.071508943331435
            ],
            "angles":72.73965375078183,
            "residues":[
                72,
                74
            ]
        },
        "E19":{
            "size":16.046399225887104,
            "color":"#9000ff",
            "layout":[
                -0.9072033893071487,
                4.356902191531342
            ],
            "angles":72.73965375078183,
            "residues":[
                64,
                67
            ]
        },
        "H16":{
            "size":21.349274472165742,
            "color":"#ff00e9",
            "layout":[
                -5.291518871226764,
                -2.8250267632272075
            ],
            "angles":-153.24914010214474,
            "residues":[
                48,
                59
            ]
        },
        "E15":{
            "size":13.93303733441995,
            "color":"#ff0081",
            "layout":[
                3.595844742060658,
                -7.561076376780082
            ],
            "angles":72.73965375078183,
            "residues":[
                45,
                46
            ]
        },
        "E9":{
            "size":22.780722292615756,
            "color":"#ff3d00",
            "layout":[
                1.6129581413087077,
                -5.556193589125447
            ],
            "angles":-107.26034624921817,
            "residues":[
                30,
                37
            ]
        },
        "H6":{
            "size":16.20544208497427,
            "color":"#ffb100",
            "layout":[
                -10.543670715320083,
                -4.2212881221276355
            ],
            "angles":-225.25937453792596,
            "residues":[
                23,
                29
            ]
        },
        "H5":{
            "size":28.430917367999506,
            "color":"#e4ff00",
            "layout":[
                -7.634958441399828,
                6.127106150320104
            ],
            "angles":-163.2575737128792,
            "residues":[
                4,
                20
            ]
        }
    }
}