{
    "metadata":{
        "upper_right":[
            25.23740117800483,
            24.404150749675185
        ],
        "lower_left":[
            -20.703797014220648,
            -22.781333220699157
        ]
    },
    "sses":{
        "H104":{
            "size":23.42945998666507,
            "color":"#00fffe",
            "layout":[
                19.462162848361217,
                5.822717665080551
            ],
            "angles":114.68344172084306,
            "residues":[
                277,
                288
            ]
        },
        "E98":{
            "size":29.008145825469807,
            "color":"#00c2ff",
            "layout":[
                2.5428369679877694,
                -1.3210910695829714
            ],
            "angles":-14.72146237493746,
            "residues":[
                267,
                276
            ]
        },
        "E97":{
            "size":13.762822119338848,
            "color":"#00a3ff",
            "layout":[
                14.316647853177876,
                -3.4994457560695666
            ],
            "angles":293.54143855310355,
            "residues":[
                263,
                264
            ]
        },
        "E96":{
            "size":11.339080934743572,
            "color":"#0097ff",
            "layout":[
                13.317740933219287,
                -5.79223825699752
            ],
            "angles":113.54143855310355,
            "residues":[
                256,
                257
            ]
        },
        "H93":{
            "size":19.218686926951737,
            "color":"#007eff",
            "layout":[
                8.496307894363792,
                7.542134310965797
            ],
            "angles":332.9434608849299,
            "residues":[
                246,
                252
            ]
        },
        "E90":{
            "size":32.454837166190735,
            "color":"#0047ff",
            "layout":[
                4.986282572045329,
                -0.5003778301647648
            ],
            "angles":165.27853762506254,
            "residues":[
                236,
                245
            ]
        },
        "E83":{
            "size":23.840153366133634,
            "color":"#000dff",
            "layout":[
                7.299494828652872,
                0.8527793163079735
            ],
            "angles":-14.72146237493746,
            "residues":[
                224,
                230
            ]
        },
        "E71":{
            "size":15.295874009376071,
            "color":"#5400ff",
            "layout":[
                12.28000841002844,
                1.9787765668551947
            ],
            "angles":165.27853762506254,
            "residues":[
                212,
                214
            ]
        },
        "H69":{
            "size":30.918055909818445,
            "color":"#6800ff",
            "layout":[
                14.587882701808425,
                7.387172730491688
            ],
            "angles":332.9388338858091,
            "residues":[
                190,
                207
            ]
        },
        "E60":{
            "size":18.23484145969235,
            "color":"#a400ff",
            "layout":[
                9.708817784773291,
                1.8357991112915135
            ],
            "angles":165.27853762506254,
            "residues":[
                176,
                180
            ]
        },
        "H49":{
            "size":37.88554922004337,
            "color":"#ff00ea",
            "layout":[
                5.2391972962788955,
                -10.628746338264161
            ],
            "angles":193.69043727607118,
            "residues":[
                149,
                170
            ]
        },
        "E42":{
            "size":32.44579159880665,
            "color":"#ff00ab",
            "layout":[
                -0.37502947863784364,
                -0.6193406753010251
            ],
            "angles":165.27853762506254,
            "residues":[
                137,
                147
            ]
        },
        "E28":{
            "size":33.1784928854609,
            "color":"#ff0034",
            "layout":[
                -2.5888054083518988,
                -2.265402497283211
            ],
            "angles":-14.72146237493746,
            "residues":[
                112,
                121
            ]
        },
        "H24":{
            "size":20.144169150908628,
            "color":"#ff1000",
            "layout":[
                -5.8381524572436785,
                6.071733318230735
            ],
            "angles":231.52155262262818,
            "residues":[
                92,
                101
            ]
        },
        "E23":{
            "size":19.742913542963347,
            "color":"#ff3a00",
            "layout":[
                -14.26177688825486,
                10.416780908802819
            ],
            "angles":104.51009096318893,
            "residues":[
                84,
                88
            ]
        },
        "E18":{
            "size":15.56688345910808,
            "color":"#ff6900",
            "layout":[
                -13.801981153338357,
                12.87952570466333
            ],
            "angles":284.51009096318893,
            "residues":[
                78,
                81
            ]
        },
        "H16":{
            "size":13.003661060734624,
            "color":"#ff7b00",
            "layout":[
                -6.645075638135343,
                12.970801101744744
            ],
            "angles":332.94436235580656,
            "residues":[
                73,
                75
            ]
        },
        "H14":{
            "size":17.874129720038702,
            "color":"#ff8c00",
            "layout":[
                -2.9441924963470143,
                10.778876433283
            ],
            "angles":332.94157542445384,
            "residues":[
                68,
                72
            ]
        },
        "H13":{
            "size":18.092843348018633,
            "color":"#ff9a00",
            "layout":[
                1.1765416365395218,
                11.192200008028205
            ],
            "angles":272.5488045699167,
            "residues":[
                60,
                66
            ]
        },
        "E12":{
            "size":14.886158572454184,
            "color":"#ffb900",
            "layout":[
                -15.054278538024242,
                8.040766795349711
            ],
            "angles":284.51009096318893,
            "residues":[
                57,
                59
            ]
        },
        "E11":{
            "size":13.608427257592494,
            "color":"#ffe300",
            "layout":[
                -5.156040064446538,
                -2.6024666804478622
            ],
            "angles":-14.72146237493746,
            "residues":[
                50,
                51
            ]
        },
        "H7":{
            "size":34.23982087986329,
            "color":"#ebff00",
            "layout":[
                -6.543285561839704,
                -13.09535871867718
            ],
            "angles":314.7020698139006,
            "residues":[
                27,
                47
            ]
        },
        "E6":{
            "size":15.329230693513047,
            "color":"#cfff00",
            "layout":[
                -10.76249981437165,
                -8.326478205376052
            ],
            "angles":302.150133023991,
            "residues":[
                24,
                25
            ]
        },
        "E3":{
            "size":12.50738818639346,
            "color":"#b7ff00",
            "layout":[
                -12.092847267533882,
                -10.443117336447237
            ],
            "angles":122.15013302399097,